编号,所属势力,角色,性别,初始兵种,HP,力量,魔力,速度,技巧,防守,魔防,幸运,魅力,成长合计,初始等级,初始HP,初始力量,初始魔力,初始速度,初始技巧,初始防守,初始魔防,初始幸运,初始魅力,剑术,枪术,斧术,弓术,格斗术,黑魔法,白魔法,指挥,步兵,马术,重装,飞行,擅长,弱项,个人特技,个人特技说明,血印,血印说明,最早可加入章节,加入条件,挖角条件,装备特技,可习得战技
#01,救世主军,伊修玛尔,自选,卫士,50,45,45,45,45,35,35,40,50,,40,50,33,24,27,28,23,19,25,29,E,A,E,E,E,D,D,C,C,E,E,E,枪术、指挥,,救世之光,使周围2格内敌人的“冥府加护”无效。,预言者之冠,"攻击时，有5%几率发动。
命中+100。",序幕 降临篇 第1章,自捏主角自动加入，仅在序幕及第3部可用,--,烈日的加护（等级Lv45时）,旋风枪（初始自带）；流丽一击（枪术A+）；冰枪（枪术A+）
#02,救世主军,红花,女,先知,40,30,45,45,45,30,45,30,40,,40,45,15,34,26,30,21,30,18,22,E,E,E,E,E+,A,C,D,D,E,E,E,黑魔法、白魔法,斧术、重装,朱明,装备魔法时，命中+10。,--,--,序幕 降临篇 第1章,开始时自动加入，仅在序幕及第3部可用,--,魔力增幅（等级Lv50时）,用心一击（格斗术D）；火山爆焰（初始自带）；彷徨之壁（等级Lv45时）；玻璃车轮（等级Lv48时）
#03,救世主军,特洛伊亚,女,武僧,40,45,45,50,40,30,30,30,30,,45,52,31,32,33,28,23,28,24,21,E,E,E,E,A,C,A,D,D,E,E,E,格斗术、黑魔法、白魔法,,云手,装备手甲时，命中+10。,--,--,序幕 降临篇 第2章,阿尔西内乌斯大桥 据点 自动加入，仅在序幕及第3部可用,--,改造（等级Lv50时）,豪拳一击（初始自带）；战斗强击（格斗术A+）；加快节奏（格斗术A+）；圣疗（初始自带）
#04,利贝拉之风,凯伊,男,平民,45,45,40,45,45,35,35,40,40,,1,27,10,7,8,8,6,5,6,5,E+,D,E,E,E,E,E+,E,E,E+,E,E,剑术、枪术、白魔法、马术,弓术、飞行,活泼,移动力+1。,"使徒之天冠

魂魄之天冠","攻击时，有20%几率发动，命中+20。
攻击时，有25%几率发动。攻击力+3。",第1部 凯伊篇 第1章,开始时自动加入，其他篇不可挖角,--,,
#05,利贝拉之风,媞雅拉,女,平民,30,25,45,35,40,20,40,50,45,,1,24,5,8,6,6,4,6,7,5,E,E,E,E,E,D,D,D,E,E,E,E,黑魔法、白魔法、指挥,剑术,军师之才,可对我方使用的战技射程+1。,--,--,"第1部 凯伊篇 第1章
第1部 迪托利希篇 第4章
第1部 赛奥朵拉篇  第5章
第1部 蕾达篇 第4章","开始时自动加入
3月27日 帝都中层 市区 需满足挖角条件
3月8日 帝都中层 市区 需满足挖角条件
3月21日 帝都中层 市区 需满足挖角条件","--
迪托利希：支援LV3、名声LV9、完成凯伊的外传、需交涉（难度 中）| 支付3000G
赛奥朵拉：支援LV3、名声LV10、完成凯伊的外传、需交涉（难度 中）| 支付3000G
蕾达：支援LV3、名声LV8、完成凯伊的外传、需交涉（难度 中）| 支付3000G",,火焰（初始自带）；圣疗（初始自带）
#06,利贝拉之风,皮特鲁,男,平民,40,35,20,45,60,30,25,35,30,,1,25,9,3,6,10,5,4,5,4,E,E,E,D,E,E,E,E,E,E,E,E,弓术、步兵,重装,狙射,使用弓的战技时，射程+1。,--,--,"第1部 凯伊篇 第1章
第1部 迪托利希篇 第4章
第1部 赛奥朵拉篇  第5章
第1部 蕾达篇 第4章","开始时自动加入
3月27日 帝都中层 市区 需满足挖角条件
3月8日 帝都中层 市区 需满足挖角条件
3月21日 帝都中层 市区 需满足挖角条件","--
迪托利希：支援LV3、名声LV8、需交涉（难度 高）| 完成皮特鲁的委托
赛奥朵拉：支援LV3、名声LV7、需交涉（难度 高）| 完成皮特鲁的委托
蕾达：支援LV3、名声LV10、需交涉（难度 高）| 完成皮特鲁的委托",,
#07,利贝拉之风,乌尔坦德,女,诅咒师,45,40,40,35,40,35,45,55,50,,7,26,8,11,7,6,7,7,11,11,E,D,E,E,E,D,D,E,E,E,E,E,枪术、白魔法、飞行,剑术,急救,邻接的我方战斗后，小幅回复其HP。,--,--,"第1部 凯伊篇 第6章
第1部 迪托利希篇 第4章
第1部 赛奥朵拉篇  第5章
第1部 蕾达篇 第4章","剧情自动加入
3月27日 帝都中层 大斗技场前广场 需满足挖角条件
3月8日 帝都中层 大斗技场前广场 需满足挖角条件
3月21日 帝都中层 大斗技场前广场 需满足挖角条件","--
迪托利希：支援LV3、名声LV5、需交涉（难度 高）| 完成乌尔坦德的委托
赛奥朵拉：支援LV3、名声LV6、需交涉（难度 高）| 完成乌尔坦德的委托
蕾达：支援LV3、名声LV8、需交涉（难度 高）| 完成乌尔坦德的委托",,
#08,拉弥努家族,迪托利希,男,平民,50,45,30,50,60,40,30,50,60,,1,27,11,6,10,11,6,4,9,10,D,E,E,E,E,E,E,E,D,E,E,E,剑术、步兵,白魔法,杀意,若战斗时为先攻，必杀+5。,永远之天冠,"攻击时，有10%几率发动。
中幅回复自己的HP。",第1部 迪托利希篇 第1章,开始时自动加入，其他篇不可挖角,--,兽之冲动（等级Lv5时）,燕返（初始自带）
#09,拉弥努家族,法毕欧,男,平民,40,25,50,35,40,30,45,35,30,,1,25,6,10,7,6,4,8,6,5,E,E,E,E,E,D,D,E,D,E,E,E,黑魔法、指挥,弓术,唤暗,邻接的敌人必避-5。,--,--,"凯伊篇不可挖角
第1部 迪托利希篇 第1章
赛奥朵拉篇不可挖角
第1部 蕾达篇 第4章","不可挖角
开始时自动加入
不可挖角
3月21日 帝都中层 大斗技场前广场 需满足挖角条件",蕾达：支援LV3、名声LV9、完成迪托利希外传、需交涉（难度 低）| 剧情11章迪托利希败退后，赠送其满意的武器,,多拉Δ（初始自带）；圣疗（初始自带）
#10,拉弥努家族,艾丝梅拉尔达,女,平民,55,55,20,35,35,45,25,35,30,,1,28,12,4,6,5,7,3,7,6,E,D,E+,E,E,E,E,E,E,E,E+,E,枪术、斧术,剑术、黑魔法,怪力,自己装备的武器与装备的重量减少至80%。,勇气之天冠,攻击时，有3%几率发动。给予的伤害变为1.5倍。,"第1部 凯伊篇 第5章
第1部 迪托利希篇 第2章
第1部 赛奥朵拉篇  第5章
第1部 蕾达篇 第4章","3月15日 帝都中层 大斗技场前广场 需满足挖角条件
开始时自动加入
3月8日 帝都中层 大斗技场前广场 需满足挖角条件
3月21日 帝都中层 大斗技场前广场 需满足挖角条件","凯伊：支援LV2、名声LV7、需交涉（难度 高）| 完成艾丝梅拉达的委托
--
赛奥朵拉：支援LV3、名声LV9、需交涉（难度 高）| 完成艾丝梅拉达的委托
蕾达：支援LV3、名声LV6、需交涉（难度 高）| 完成艾丝梅拉达的委托",,旋风枪（初始自带）；集中投掷（枪术C）
#11,拉弥努家族,米迦艾拉,女,斗士,50,45,30,40,35,40,25,30,40,,5,28,12,4,7,8,7,5,7,9,E,E,D,D,E,E,E,E,E,E+,E,E,斧术,黑魔法、白魔法、马术、飞行,身经百战的强者,与邻接的敌人战斗时，命中+10。,--,--,"第1部 凯伊篇 第5章
第1部 迪托利希篇 第4章
第1部 赛奥朵拉篇 第5章
第1部 蕾达篇 第4章","3月15日 帝都上层 上参道  需满足挖角条件
3月23日 帝都下层 贫民窟 前往酒馆完成剧情后自动加入
3月8日 帝都上层 上参道  需满足挖角条件
 3月21日 武器店附近触发剧情后 帝都上层 上参道 需满足挖角条件","凯伊：支援LV3、名声LV5、需交涉（难度 中）| 支付3000G
--
赛奥朵拉：支援LV3、名声LV8、需交涉（难度 中）| 支付3000G
蕾达：支援LV3、名声LV6、需交涉（难度 中）| 支付3000G",,劈刺（初始自带）
#12,美盖拉的灯火,赛奥朵拉,女,贵族,70,50,30,40,40,40,30,30,50,,1,30,6,6,6,6,7,5,6,8,E,D,E,E,E,E,E,E+,E,E,E,E,枪术、白魔法、指挥,黑魔法,不退的觉悟,受到攻击时，有30%几率发动。受到的伤害减半。,魂魄之天冠,攻击时，有25%几率发动。攻击力+3。,第1部  赛奥朵拉篇 第1章,开始时自动加入，其他篇不可挖角,--,毁坏（等级Lv1时）；直击（等级Lv5时）,
#13,美盖拉的灯火,波拿帕尔特,男,贵族,35,35,45,40,50,30,40,35,40,,1,25,7,10,7,8,6,8,5,7,E+,E,E,E,E,D,D,E,E,E,E,E,剑术、黑魔法、白魔法、指挥,重装、飞行,出谋划策,邻接的我方技巧+3。,--,--,第1部  赛奥朵拉篇 第1章,第2回合自动加入，其他篇不可挖角,--,,
#14,美盖拉的灯火,托比亚斯,男,贵族,55,60,15,25,30,45,20,40,35,,1,28,14,4,5,5,8,3,6,5,E,E,D,E,E,E,E,E,E,E+,E,E,斧术、马术、重装,剑术,大招,使用战技攻击时，攻击力+3。,--,--,第1部  赛奥朵拉篇 第1章,第2回合自动加入，其他篇不可挖角,--,,
#15,美盖拉的灯火,莉利安,女,猎兵,35,35,30,40,55,30,35,50,25,,5,25,8,6,9,10,6,5,7,6,E,E,E,D,E,E,E,E,E,E,E,E,弓术、步兵,格斗术,安全策略,战斗时，若敌人无法反击，命中+10。,--,--,"第1部 凯伊篇 第4章
第1部 迪托利希篇 第4章
第1部 赛奥朵拉篇 第4章
第1部 蕾达篇 第5章","3月1日 帝都下层 港口 需满足挖角条件
3月27日 帝都上层 下参道 需满足挖角条件
剧情自动加入
4月7日 帝都上层 下参道 需满足挖角条件","凯伊：支援LV2、名声LV8、需交涉（难度 中）| 支付 5000G
迪托利希：支援LV2、名声LV8、需交涉（难度 中）| 支付 5000G
--
蕾达：支援LV2、名声LV7、需交涉（难度 中）| 支付 5000G",,
#16,美盖拉的灯火,莱桑达,男,飞驼兵,45,40,25,50,35,40,25,30,30,,5,28,9,6,8,8,8,6,8,7,E,D,E+,E,E,E,E,E,E,D,E,E+,枪术、斧术、马术、飞行,剑术、格斗术、重装,疾行攻击,若战斗时为先攻，回避+15。,--,--,"第1部 凯伊篇 第4章
第1部 迪托利希篇 第4章
第1部 赛奥朵拉篇  第4章
第1部 蕾达篇 第5章","3月1日 帝都下层 港口 需满足挖角条件
3月27日 帝都上层 下参道 需满足挖角条件
剧情自动加入
4月7日 帝都上层 下参道 需满足挖角条件","凯伊：支援LV3、名声LV8、需交涉（难度 高）| 给铁枪×5
迪托利希：支援LV3、名声LV6、需交涉（难度 高）| 给铁枪×5
--
蕾达：支援LV3、名声LV7、需交涉（难度 高）| 给铁枪×5",,
#17,蔷薇风暴,蕾达,女,平民,40,35,35,65,50,30,35,25,55,,1,25,8,6,12,8,6,6,5,10,D,E,E,D,E,E,E+,E,E,E,E,E,剑术、弓术、白魔法、步兵,枪术,暗中袭击,若战斗时为先攻，有5/10%几率发动。不会受到反击。,大地之天冠,攻击时，有3%几率发动。攻击力+7。,第1部 蕾达篇 第1章,开始时自动加入，其他篇不可挖角,--,,
#18,蔷薇风暴,巴卡尼亚,男,平民,50,50,20,25,40,45,20,30,35,,1,29,12,4,5,6,8,3,6,6,E,E+,D,E,E,E,E,E+,E,E+,E+,E,枪术、斧术、马术、重装,黑魔法、白魔法,守护骑士的职责,"受到攻击时，受到的伤害减少至90%。
（减伤10%）",--,--,"凯伊篇不可挖角
第1部 迪托利希篇 第4章
第1部 赛奥朵拉 第5章
第1部 蕾达篇 第1章","不可挖角
3月27日 帝都中层 市区 需满足挖角条件
3月8日 帝都中层 大斗技场前广场 需满足挖角条件
开始时自动加入","--
迪托利希：支援LV3、名声LV8、完成完成蕾达的外传
赛奥朵拉：支援LV3、名声LV8、完成完成蕾达的外传
--",,
#19,蔷薇风暴,西洛可,男,平民,40,40,40,45,50,35,35,50,45,,1,26,8,8,9,8,6,7,8,8,D,E,E,E,E,D,D,E,E,E,E,E,剑术、黑魔法、白魔法、指挥,重装,女神的恩宠,战斗后，自己的HP回复5。,"魂魄之天冠
（隐藏）",--,"第1部 凯伊篇 第4章
第1部 迪托利希篇 第4章
第1部 赛奥朵拉 第5章
第1部 蕾达篇 第1章","3月5日 帝都下层 贫民窟 需满足挖角条件
4月1日 帝都上层 下参道 需满足挖角条件
3月8日 帝都上层 游乐区 需满足挖角条件
开始时自动加入","凯伊：支援LV3、名声LV9、需交涉（难度 超高）| 完成西洛可的委托
迪托利希：支援LV3、名声LV9、需交涉（难度 超高）| 完成西洛可的委托
赛奥朵拉：支援LV1、名声LV5、需交涉（难度 超高）| 完成西洛可的委托
--",,
#20,蔷薇风暴,穆,女,平民,50,50,25,50,50,40,30,30,40,,1,23,7,3,7,8,5,5,4,4,E,E,E,E,D,E,E,E,E,E,E,E,剑术、斧术、格斗术、白魔法,,成长的预兆,"等级提升时，基本能力容易成长。
（全属性提升20%，成长率信息为已加个技的最终成长率）",--,--,"第1部 凯伊篇 第4章
第1部 迪托利希篇 第4章
第1部 赛奥朵拉 第5章
第1部 蕾达篇 第1章","3月5日 帝都下层 贫民窟 需满足挖角条件
4月1日 帝都上层 下参道 需满足挖角条件
3月8日 帝都上层 游乐区 需满足挖角条件
开始时自动加入","凯伊：支援LV3、名声LV9、需交涉（难度 中）| 给？？？×3（蔬菜古尔马欧萨？）
迪托利希：支援LV3、名声LV7、需交涉（难度 中）| 给？？？×3
赛奥朵拉：支援LV3、名声LV9、需交涉（难度 中）| 给？？？×3
--",,
#21,蔷薇风暴,奥琳琵娅,女,诅咒师,35,35,50,35,35,30,40,40,40,,5,25,6,13,8,7,6,7,8,9,E,E,E,E,E,E+,D,E,E,E,E,E,斧术、白魔法,枪术,争强好胜,装备魔法时，必杀+10。,--,--,"第1部 凯伊篇 第4章
第1部 迪托利希篇 第4章
第1部 赛奥朵拉 第5章
第1部 蕾达篇 第4章","3月5日 帝都下层 贫民窟 需满足挖角条件
4月1日 帝都上层 下参道 需满足挖角条件
3月8日 帝都上层 游乐区 需满足挖角条件
开始时自动加入","凯伊：支援LV3、名声LV8、需交涉（难度 超高）| 完成奥琳琵娅的委托 1～3
迪托利希：支援LV3、名声LV6、需交涉（难度 超高）| 完成奥琳琵娅的委托 1～3
赛奥朵拉：支援LV3、名声LV9、需交涉（难度 超高）| 完成奥琳琵娅的委托 1～3
--",,
#22,炎之鬣,贝特兰,男,—,50,55,15,45,50,45,20,30,50,,,,,,,,,,,,—,—,—,—,—,—,—,—,—,—,—,—,,,铠葬流,战斗时，有5%几率发动。可无视攻速进行追击。,--,--,第3部 第1区分,在第1部完成贝特兰的外传后，剧情自动加入,--,,
#23,炎之鬣,盖茨,男,平民,50,50,20,40,45,45,25,40,45,,4,28,11,3,8,8,7,3,5,8,E,D,E+,E,E,E,E,E,E,D,E,E,枪术、斧术、马术,黑魔法、白魔法,帮手,邻接的我方防守+3。,--,--,"凯伊篇不可挖角
第1部 迪托利希篇 第4章
赛奥朵拉不可挖角
蕾达篇不可挖角","不可挖角
3月27日 帝都中层 露天市场 需满足挖角条件
不可挖角
不可挖角","--
迪托利希：支援LV3、名声LV10、完成？？？并达成？？？
--
--",,
#24,炎之鬣,哥莱亚斯,男,士兵,55,60,5,15,30,70,15,35,25,,7,35,17,2,5,5,11,2,7,4,E,D,D,E,E,E,E,E,E,×,D,×,斧术、重装,黑魔法、白魔法,重量级战士,无法成为骑兵和飞行的兵种。体格+5。,--,--,"第1部 凯伊篇 第4章
第1部 迪托利希篇 第4章
第1部 赛奥朵拉篇 第5章
第1部 蕾达篇 第4章","2月21日 帝都中层 大斗技场前广场 需满足挖角条件
3月27日 帝都中层 大斗技场前广场 需满足挖角条件
3月8日 帝都中层 大斗技场前广场 需满足挖角条件
3月21日 帝都中层 大斗技场前广场 需满足挖角条件","凯伊：支援LV3、名声LV7、需交涉（难度 高）| 给巨大肉×3
迪托利希：支援LV3、名声LV6、需交涉（难度 高）| 给巨大肉×3
赛奥朵拉：支援LV3、名声LV9、需交涉（难度 高）| 给巨大肉×3
蕾达：支援LV3、名声LV10、需交涉（难度 高）| 给巨大肉×3",,
#25,炎之鬣,杰斯塔,男,斗士,40,35,15,60,45,35,25,40,40,,7,27,9,5,13,11,5,5,8,9,D,E,D,E+,E,E,E,E,D,E,E,E,剑术、弓术、步兵,斧术,瞬转,使用“替换”后，防守+3。（持续到自己的下一个行动阶段）,--,--,"第1部 凯伊篇 第3章
第1部 迪托利希篇 第4章
第1部 赛奥朵拉篇 第5章
第1部 蕾达篇 第4章","2月21日 帝都中层 大斗技场前广场 需满足挖角条件
3月27日 帝都中层 大斗技场前广场 需满足挖角条件
3月8日 帝都中层 大斗技场前广场 需满足挖角条件
3月21日 帝都中层 大斗技场前广场 需满足挖角条件","凯伊：支援LV3、名声LV10、需交涉（难度 超高）| 完成杰斯塔的委托1~3
迪托利希：支援LV3、名声LV6、需交涉（难度 超高）| 完成杰斯塔的委托1~3
赛奥朵拉：支援LV3、名声LV9、需交涉（难度 超高）| 完成杰斯塔的委托1~3
蕾达：支援LV3、名声LV10、需交涉（难度 超高）| 完成杰斯塔的委托1~3",,
#26,炎之鬣,丹提,女,诅咒师,30,30,45,40,40,20,40,45,30,,7,26,6,12,11,8,5,10,9,6,E,E,E,E,E,D,D,E,E,E,E,E,黑魔法、白魔法、指挥,格斗术,战场剧作家,周围2格内的我方在战斗时，根据其（魅力÷2）%的几率发动，该名我方的必避+10。,--,--,"第1部 凯伊篇 第3章
第1部 迪托利希篇 第4章
第1部 赛奥朵拉篇 第5章
第1部 蕾达篇 第4章","2月21日 帝都中层 大斗技场前广场 需满足挖角条件
3月27日 帝都中层 露天市场 需满足挖角条件
3月8日 帝都中层 大斗技场前广场 需满足挖角条件
3月21日 帝都中层 露天市场 需满足挖角条件","凯伊：支援LV3、名声LV10、需交涉（难度 高）| 支付8000G
迪托利希：支援LV2、名声LV8、需交涉（难度 高）| 支付8000G
赛奥朵拉：支援LV3、名声LV6、需交涉（难度 高）| 支付8000G
蕾达：支援LV3、名声LV10、需交涉（难度 高）| 支付8000G",,烈风（初始自带）
#27,姬金鱼草的朝露,欧露赫露,女,诅咒师,30,60,45,10,20,60,60,20,60,,3,22,16,9,4,3,13,12,5,11,E,E,D,E,E,D,D,E,E,×,E+,×,斧术、黑魔法、白魔法,剑术,坚如磐石,防守+5。成为重装。无法成为骑兵和飞行的兵种（带【重装】特性）,"魂魄之天冠

使徒之天冠","攻击时，有25%几率发动。攻击力+3。
攻击时，有20%几率发动，命中+20。",第3部 第2区分,在第1部完成欧露赫露的外传后，剧情自动加入,--,动态预测；调魂,
#28,姬金鱼草的朝露,迪雅各,男,猎兵,45,40,20,45,60,35,20,35,30,,7,28,11,4,10,12,6,3,8,6,D,E,E,D,E,E,E,E,E,E,E,E,剑术、弓术、步兵,黑魔法,保镖,邻接的我方战斗时，有5%几率发动。使该名我方不会受到追击。,--,--,"第1部 凯伊篇 第3章
第1部 迪托利希篇 第4章
第1部 赛奥朵拉篇 第5章
第1部 蕾达篇 第4章","2月24日 帝都中层 大斗技场前广场 需满足挖角条件
3月27日 帝都中层 大斗技场前广场 需满足挖角条件
3月8日 帝都中层 大斗技场前广场 需满足挖角条件
3月21日 帝都中层 大斗技场前广场 需满足挖角条件","凯伊：支援LV3、名声LV10、完成欧露赫露的外传
迪托利希：支援LV3、名声LV9、完成欧露赫露的外传
赛奥朵拉：支援LV2、名声LV8、完成欧露赫露的外传
蕾达：支援LV3、名声LV8、| 完成欧露赫露的外传",,
#29,姬金鱼草的朝露,罗蕾塔,女,斗士,35,35,35,55,40,30,40,30,30,,7,25,8,7,12,8,6,6,7,5,D,D,E,E,D,E,E,E,E,E,E,D,剑术、枪术、飞行,重装,游刃有余,战斗时，若自己的HP为一半以上，回避 +10。,--,--,"第1部 凯伊篇 第3章
第1部 迪托利希篇 第4章
第1部 赛奥朵拉篇 第5章
第1部 蕾达篇 第4章","2月23日 帝都中层 大斗技场前广场 需满足挖角条件
3月27日 帝都上层 下参道 需满足挖角条件
3月8日 帝都下层 港口 需满足挖角条件
3月21日 帝都下层 港口 需满足挖角条件","凯伊：支援LV3、名声LV7、需交涉（难度 中）
迪托利希：支援LV3、名声LV9
赛奥朵拉：支援LV3、名声LV5、需交涉（难度 中）
蕾达：支援LV3、名声LV5、需交涉（难度 中）",,
#30,姬金鱼草的朝露,西提司,男,士兵,45,45,30,40,45,40,35,30,50,,7,28,12,8,9,9,8,7,7,11,E,D,D,E,E,E,E,E+,E,E,E,D,枪术、斧术、指挥、飞行,,迎战态势,在敌方行动阶段中，第1次战斗时，有50%几率发动。自己变为先攻。,天秤之天冠,攻击时，有3%几率发动。不会受到反击。,"第1部 凯伊篇 第3章
迪托利希篇不可挖角
第1部 赛奥朵拉篇 第5章
第1部 蕾达篇 第4章","2月23日 帝都中层 大斗技场前广场 需满足挖角条件
不可挖角
3月8日 帝都下层 港口 需满足挖角条件
3月21日 帝都下层 港口 需满足挖角条件","凯伊：支援LV3、名声LV6、需交涉（难度 高）| 完成西提司的委托
--
赛奥朵拉：支援LV3、名声LV6、需交涉（难度 高）| 完成西提司的委托
蕾达：支援LV3、名声LV10、需交涉（难度 高）| 完成西提司的委托",,
#31,姬金鱼草的朝露,妮涅,女,士兵,45,45,35,35,45,35,45,50,40,,7,30,10,6,7,10,7,11,10,7,E,D,D,E,E,E,D,E,E,D,E,E,枪术、白魔法、马术,弓术,精灵之声,战斗时，若敌人装备魔法，命中·回避 +10。,孤高之天冠,"攻击时，有10%几率发动。
命中+30。","第1部 凯伊篇 第3章
第1部 迪托利希篇 第4章
第1部 赛奥朵拉篇 第5章
第1部 蕾达篇 第4章","2月23日 帝都中层 大斗技场前广场 需满足挖角条件
3月27日 帝都上层 下参道 需满足挖角条件
3月8日 帝都下层 港口 需满足挖角条件
3月21日 帝都下层 港口 需满足挖角条件","凯伊：支援LV3、名声LV6、需交涉（难度 高）| 给辉光鱼×1
迪托利希：支援LV3、名声LV8、需交涉（难度 高）| 给辉光鱼×1
赛奥朵拉：支援LV3、名声LV6、需交涉（难度 高）| 给辉光鱼×1
蕾达：支援LV3、名声LV8、需交涉（难度 高）|给辉光鱼×1",,
#32,月之谎言,谭利穆恩,男,—,45,40,45,40,45,35,40,60,50,,,,,,,,,,,,—,—,—,—,—,—,—,—,—,—,—,—,,,,幸运+3。,魂魄之天冠,攻击时，有25%几率发动。攻击力+3。,第3部 第1区段,在第1部完成谭利穆恩的外传后，剧情自动加入,--,,
#33,月之谎言,乌修拉,女,猎兵,40,35,35,50,50,35,30,40,45,,7,25,9,7,9,11,5,5,8,9,D,E,E,D,E,E,E,E,D,E,E,E,剑术、弓术、格斗术,,商会理事,包括自己在内的周围2格内的我方均可使用道具袋（运输队）。,束缚之天冠,攻击时，有5%的概率发动，给予的伤害变为1.2倍。,"第1部 凯伊篇 第4章
第1部 迪托利希篇 第4章
第1部 赛奥朵拉篇 第5章
蕾达篇不可挖角","3月2日 帝都中层 露天市场 需满足挖角条件
3月27日 帝都中层 露天市场 需满足挖角条件
3月8日 帝都中层 露天市场 需满足挖角条件
不可挖角","凯伊：支援LV3、名声LV10、需交涉（难度 低）| 完成塔利穆恩的外传，所有问题均选择“是”
迪托利希：支援LV3、名声LV7、需交涉（难度 低）| 完成塔利穆恩的外传，所有问题均选择“是”
赛奥朵拉：支援LV3、名声LV9、需交涉（难度 低）| 完成塔利穆恩的外传，所有问题均选择“是”
--",闪身（初始自带）,
#34,月之谎言,希蒙,男,斗士,50,50,20,35,40,40,25,50,35,,7,31,14,4,7,9,8,4,12,5,D,E,D,E,E,E,E,E,D,E,E,E,剑术、斧术、步兵,白魔法,死里逃生,自己的HP在2以上时，若受到会将HP归0的伤害，根据幸运%的几率发动，残留1HP。,--,--,"第1部 凯伊篇 第4章
第1部 迪托利希篇 第4章
第1部 赛奥朵拉篇 第5章
第1部 蕾达篇 第4章","3月2日 帝都下层 港口 需满足挖角条件
3月27日 帝都上层 游乐区 需满足挖角条件
3月8日 帝都中层 市区 需满足挖角条件
3月23日 帝都中层 市区 需满足挖角条件","凯伊：支援LV3、名声LV8、需交涉（难度 低）| 抛硬币时选择反面
迪托利希：支援LV3、名声LV7、需交涉（难度 低）| 抛硬币时选择反面
赛奥朵拉：支援LV3、名声LV7、需交涉（难度 低）| 抛硬币时选择反面
蕾达：支援LV3、名声LV6、需交涉（难度 低）| 抛硬币时选择反面",,
#35,月之谎言,露露蒂雅,女,斗士,40,35,20,55,45,30,20,30,30,,7,27,9,4,15,10,7,3,6,6,D,E,D,E,D,E,E,E,D,E,E,E,剑术、枪术、步兵,斧术、黑魔法,迅隼,若战斗时为先攻，攻速+3。,--,--,"第1部 凯伊篇 第4章
第1部 迪托利希篇 第4章
第1部 赛奥朵拉篇 第5章
第1部 蕾达篇 第4章","3月2日 帝都中层 露天市场 需满足挖角条件
3月27日 帝都中层 露天市场 需满足挖角条件
3月8日 帝都中层 露天市场 需满足挖角条件
3月23日 帝都中层 露天市场 需满足挖角条件","凯伊：支援LV3、名声LV9、需交涉（难度 高）| 完成露露蒂雅的委托
迪托利希：支援LV3、名声LV9、需交涉（难度 高）| 完成露露蒂雅的委托
赛奥朵拉：支援LV3、名声LV7、需交涉（难度 高）| 完成露露蒂雅的委托
蕾达：支援LV3、名声LV7、需交涉（难度 高）| 完成露露蒂雅的委托",,
#36,月之谎言,绯亚娜,女,诅咒师,30,35,55,30,40,20,45,25,40,,7,23,5,14,6,8,4,10,5,9,E,E,E,E,E,D,D,E,E,D,E,E,黑魔法、白魔法、马术,剑术、格斗术,淑光,使用魔法回复我方时，根据幸运%几率发动。魔法的使用次数不会减少。,再生之天冠,攻击时，有20%几率发动。小幅回复自己的HP。,"第1部 凯伊篇 第4章
第1部 迪托利希篇 第4章
第1部 赛奥朵拉篇 第5章
第1部 蕾达篇 第4章","3月2日 帝都下层 港口 需满足挖角条件
3月27日 帝都上层 游乐区 需满足挖角条件
3月8日 帝都中层 市区 需满足挖角条件
3月23日 帝都下层 厩舍前通道 需满足挖角条件","凯伊：支援LV3、名声LV8、需交涉（难度 中）| 支付3000G
迪托利希：支援LV3、名声LV7、需交涉（难度 中）| 支付3000G
赛奥朵拉：支援LV3、名声LV9、需交涉（难度 中）| 支付3000G
蕾达：支援LV3、名声LV5、需交涉（难度 中）| 支付3000G",,
#37,白鸦新娘团,爱娜特莉亚,女,诅咒师,40,35,50,50,45,35,40,40,50,,,,,,,,,,,,—,—,—,—,—,—,—,—,—,—,—,—,,,"气流功
经络回旋",回避+3。/回避+5。可使用“煌龙破”,--,--,第3部 第2第2区分,在第1部中完成爱娜特莉亚的外传后，剧情自动加入,--,连贯圆滑（等级Lv1时）,
#38,白鸦新娘团,沙兰,女,平民,35,30,45,35,50,30,45,35,40,,4,24,6,10,6,7,6,9,8,8,E,E+,E,E,E,D,D,D,E,E,E,E,枪术、白魔法、指挥,剑术,挽留者,使用“拉近”后，可使用辅助魔法。,--,--,"凯伊篇不可挖角
第1部 迪托利希篇 第4章
赛奥朵拉篇不可挖角
第1部 蕾达篇 第4章","不可挖角
3月27日 帝都中层 市区 需满足挖角条件
不可挖角
3月23日 帝都中层 市区 需满足挖角条件","迪托利希：支援LV3、名声LV10、需交涉（难度 低）| 完成爱娜特莉亚的外传
蕾达：支援LV3、名声LV8、需交涉（难度 低）| 完成爱娜特莉亚的外传
在提问中选择以下选项：【1.明白了】【2.萨拉米斯国】【3.达·米纳】【4.搁浅的巨大船】",,
#39,白鸦新娘团,哪吒,男,斗士,45,45,25,45,50,35,25,30,25,,7,28,10,6,14,9,8,6,8,6,D,E,D,E,D,E,E,E,D,E,E,E,剑术、格斗术、步兵,枪术,先发制人,若战斗时为先攻，有50%几率发动。攻击力+3。,--,--,"第1部 凯伊篇 第4章
第1部 迪托利希篇 第4章
第1部 赛奥朵拉篇 第5章
第1部 蕾达篇 第4章","3月6日 帝都中层 市区 需满足挖角条件
3月27日 帝都中层 大斗技场前广场 需满足挖角条件
3月8日 帝都中层 大斗技场前广场 需满足挖角条件
3月23日 帝都中层 市区 需满足挖角条件","凯伊：支援LV3、名声LV6、需交涉（难度 高）| 沙虫肉×3
迪托利希：支援LV3、名声LV10、需交涉（难度 高）| 沙虫肉×3
赛奥朵拉：支援LV2、名声LV6、需交涉（难度 高）| 沙虫肉×3
蕾达：支援LV3、名声LV9、需交涉（难度 高）| 沙虫肉×3",,
#40,白鸦新娘团,大刀,男,斗士,50,55,20,30,35,45,20,25,30,,7,31,16,4,6,7,11,4,9,6,D,E,D,E,D,E,E,E,E,E,D,E,斧术、重装,枪术、黑魔法、白魔法,孤注一掷,战斗时，若自己与敌人都无法进行追击，自己的攻击力+5。,--,--,"第1部 凯伊篇 第4章
第1部 迪托利希篇 第4章
第1部 赛奥朵拉篇 第5章
第1部 蕾达篇 第4章","3月6日 帝都中层 市区 需满足挖角条件
3月27日 帝都中层 市区 需满足挖角条件
3月8日 帝都中层 市区 需满足挖角条件
3月23日 帝都中层 市区 需满足挖角条件","凯伊：支援LV3、名声LV7、需交涉（难度 中）| 给 柯夏鲁雀鳝×2
迪托利希：支援LV3、名声LV10、需交涉（难度 中）| 给 柯夏鲁雀鳝×2
赛奥朵拉：支援LV2、名声LV5、需交涉（难度 中）| 给 柯夏鲁雀鳝×2
蕾达：支援LV2、名声LV5、需交涉（难度 中）| 给 柯夏鲁雀鳝×2",,
#41,白鸦新娘团,哈尔温,女,猎兵,35,35,30,45,60,30,25,40,35,,7,26,8,6,10,12,6,6,9,7,D,E,E,D,E,E,E,E,E,D,E,E,弓术、马术,斧术,适应,"战斗后，命中+2（上限为30）。
（持续到战斗地图结束）",--,--,"第1部 凯伊篇 第4章
第1部 迪托利希篇 第4章
第1部 赛奥朵拉篇 第5章
第1部 蕾达篇 第4章","3月6日 帝都中层 市区 需满足挖角条件
3月27日 帝都中层 大斗技场前广场 需满足挖角条件
3月8日 帝都中层 大斗技场前广场 需满足挖角条件
3月23日 帝都下层 厩舍前通道 需满足挖角条件","凯伊：支援LV3、名声LV5、需交涉（难度 中）| 给椰枣×10
迪托利希：支援LV3、名声LV9、需交涉（难度 中）| 给椰枣×10
赛奥朵拉：支援LV3、名声LV7、需交涉（难度 中）| 给椰枣×10
蕾达：支援LV3、名声LV7、需交涉（难度 中）| 给椰枣×10",,
#42,无所属,卡塔妮雅,女,士兵,35,35,35,55,50,30,35,40,45,,7,26,9,7,12,12,6,8,8,10,E+,D,D,E,E,E,E,E,E,E,E,D,剑术、枪术、飞行,重装,疾风,战斗时，若自己的攻速比敌人高出3以上，命中 +20。,--,--,"第1部 凯伊篇 第3章
第1部 迪托利希篇 第4章
第1部 赛奥朵拉篇 第5章
第1部 蕾达篇 第4章","2月20日 帝都中层 露天市场 需满足挖角条件
3月27日 帝都中层 市区 需满足挖角条件
3月8日 帝都中层 市区 需满足挖角条件
3月21日 帝都上层 下参道 完成剧情送礼并挖角后加入","凯伊：支援LV3、名声LV10
迪托利希：支援LV1、名声LV8
赛奥朵拉：支援LV3、名声LV7
蕾达：支援LV1、名声LV2",,
#43,无所属,努蒂奴,女,飞驼兵,45,40,30,45,40,30,25,35,35,,7,28,10,8,11,9,6,7,7,7,E,E,D,E,E,E+,E,E,E,D,E,D,斧术、黑魔法、马术、飞行,格斗术、重装,强行突破,【骑兵】可以穿越敌人所在方格进行移动。（若自己为大型单位则无效）,--,--,"第1部 凯伊篇 第3章
第1部 迪托利希篇 第4章
第1部 赛奥朵拉篇 第5章
第1部 蕾达篇 第4章","2月20日 帝都中层 市区 需满足挖角条件
3月27日 帝都中层 市区 需满足挖角条件
3月8日 帝都中层 露天市场 需满足挖角条件
3月21日 帝都上层 游乐区 需满足挖角条件","凯伊：支援LV1、名声LV6、需交涉（难度 中）| 给铁斧*3
迪托利希：支援LV2、名声LV5、需交涉（难度 中）| 给铁斧*3
赛奥朵拉：支援LV3、名声LV5、需交涉（难度 中）| 给铁斧*3
蕾达：支援LV3、名声LV10、需交涉（难度 中）| 给铁斧*3",,
#44,无所属,伊欧,男,轻骑兵,45,40,25,35,45,40,25,35,35,,20,35,16,7,10,14,14,8,13,11,C,C,D,E,E,E,E,E,E,C,E,E,枪术、斧术、马术,白魔法、飞行,与爱马连携,【骑兵】若战斗时为先攻，防御力+3，必避+30。,--,--,"第1部 凯伊篇 第3章
第1部 迪托利希篇 第4章
第1部 赛奥朵拉篇 第5章
第1部 蕾达篇 第4章","2月20日 帝都中层 大斗技场前广场 需满足挖角条件
3月27日 帝都中层 市区 需满足挖角条件
3月8日 帝都中层 大斗技场前广场 需满足挖角条件
3月21日 帝都下层 港口 需满足挖角条件","凯伊：支援LV3、名声LV10、需交涉（难度 中）|  支付400G
迪托利希：支援LV2、名声LV3、需交涉（难度 中）|  支付800G
赛奥朵拉：支援LV3、名声LV10、需交涉（难度 中）|  支付400G
蕾达：支援LV1、名声LV6、需交涉（难度 中）| 支付1500G",,
#45,无所属,古扎岚,男,斗士,45,45,20,50,45,35,20,45,30,,5,28,12,4,11,8,7,3,10,6,D,E,D,E,D,E,E,E,D,E,E,E,剑术、格斗术、步兵,黑魔法、白魔法,随心所欲,战斗时，命中·回避·必杀的其中之一+10。（命中、回避、必杀随机一项+10）,--,--,"第1部 凯伊篇 第3章
第1部 迪托利希篇 第4章
第1部 赛奥朵拉篇 第5章
第1部 蕾达篇 第4章","2月20日 帝都中层 市区 完成剧情送礼并挖角后加入
3月27日 帝都上层 上参道 需满足挖角条件
3月8日 帝都上层 上参道  需满足挖角条件
3月21日 帝都上层 下参道 需满足挖角条件","凯伊：支援LV1、名声LV2
迪托利希：支援LV3、名声LV8
赛奥朵拉：支援LV3、名声LV8
蕾达：支援LV1、名声LV3",,
#46,无所属,杨界,男,诅咒师,50,35,40,35,35,30,40,40,25,,5,26,7,11,6,7,5,8,7,5,E,E,E+,E,E,D,D,E,E,E,E,E,斧术、白魔法,剑术、马术,破戒僧,"打倒敌人时，根据（幸运÷2）%几率发动。
回复相当于自身HP的最大值（回满HP）",--,--,"第1部 凯伊篇 第3章
第1部 迪托利希篇 第4章
第1部 赛奥朵拉篇 第5章
第1部 蕾达篇 第4章","2月20日 帝都中层 大斗技场前广场 需满足挖角条件
3月25日 帝都中层 露天市场 完成剧情送礼并挖角后加入
3月8日 帝都下层 港口 需满足挖角条件
3月21日 帝都中层 市区  满足挖角条件后加入","凯伊：支援LV2、名声LV3、需交涉（难度 低）
迪托利希：支援LV1、名声LV2
赛奥朵拉：支援LV3、名声LV9、需交涉（难度 低）
蕾达：支援LV3、名声LV8、需交涉（难度 低）
在提问中选择以下选项：1.【干酪】2.【满月之夜】3.【哪个都行】",,烈风（初始自带）；圣疗（初始自带）
#47,无所属,马吉迪,男,斗士,65,50,15,20,30,40,10,25,5,,7,34,15,3,7,6,9,3,6,3,D,E,D,E,D,E,E,E,E,E,E,E,斧术、格斗术,黑魔法、白魔法、飞行,狂暴斧,装备斧时，力量+3。,--,--,"第1部 凯伊篇 第5章
第1部 迪托利希篇 第4章
第1部 赛奥朵拉篇 第6章
第1部 蕾达篇 第4章","3月15日 鞑古席翁下层 贫民窟 需满足挖角条件
3月27日 帝都中层 市区 需满足挖角条件
3月11 帝都下层 贫民窟 需满足挖角条件
3月21日 帝都上层 游乐区 需满足挖角条件","凯伊：支援LV2、名声LV5、需交涉（难度 低）| 所有提问都选有必要
迪托利希：支援LV3、名声LV8、需交涉（难度 低）| 所有提问都选有必要
赛奥朵拉：支援LV3、名声LV8、需交涉（难度 低）| 所有提问都选有必要
蕾达：支援LV3、名声LV9、（难度 低）| 所有提问都选有必要",,
#48,无所属,诺克裘拉,女,斗士,50,45,20,45,40,40,20,35,30,,7,30,11,3,10,8,8,4,7,6,D,E,D,E,D,E,E,E,E,E,E,E,斧术、格斗术、步兵,剑术、黑魔法、白魔法,集中,战斗后，回避+3。（持续到自己的下一个行动阶段）,--,--,"第1部 凯伊篇 第3章
第1部 迪托利希篇 第4章
第1部 赛奥朵拉篇 第5章
第1部 蕾达篇 第4章","2月20日 帝都中层 大斗技场前广场 需满足挖角条件
4月1日 帝都上层 游乐区 需满足挖角条件
3月8日 帝都中层 露天市场 需满足挖角条件
3月21日 帝都上层 下参道 需满足挖角条件","凯伊：支援LV1、名声LV4
迪托利希：支援LV1、名声LV6
赛奥朵拉：支援LV1、名声LV3
蕾达：支援LV3、名声LV8",,
#49,无所属,努佐,男,恶棍,50,50,15,55,45,20,15,25,35,,30,42,23,6,24,21,11,10,12,14,—,—,—,—,—,—,—,—,—,—,—,—,,,部族的秘技,若对敌方具有克制效果，战斗中攻击+3,--,--,"第1部 凯伊篇 第8章
第1部 迪托利希篇 第？章
第1部 赛奥朵拉篇 第9章
第1部 蕾达篇 第10章",,"凯伊：支援LV2、名声LV6、需交涉（难度 中）| 给铁弓*3
迪托利希：支援LV1、名声LV9、需交涉（难度 中）| 给铁弓*2
赛奥朵拉：支援LV1、名声LV6、需交涉（难度 中）| 给铁弓*3
蕾达：支援LV3、名声LV9、需交涉（难度 中）| 给铁弓*3",,
#50,索雷尔神殿,索绯雅,女,诅咒师,35,30,45,30,40,20,40,30,40,,7,24,6,14,6,8,6,11,7,7,E,E,E,E+,E,D,D,E,E,E,E,E,弓术、白魔法,斧术,治愈的心得,使用魔法回复我方时，回复量 +10。,--,--,"第1部 凯伊篇 第3章
第1部 迪托利希篇 第4章
第1部 赛奥朵拉篇 第5章
第1部 蕾达篇 第4章","2月20日 帝都中层 大斗技场前广场 需满足挖角条件
3月27日 帝都中层 大斗技场前广场 需满足挖角条件
3月8日 帝都上层 富裕区 完成剧情送礼并挖角后加入
3月21日 帝都中层 大斗技场前广场 需满足挖角条件","凯伊：支援LV3、名声LV9
迪托利希：支援LV3、名声LV9
赛奥朵拉：支援LV1、名声LV2
蕾达：支援LV3、名声LV7",,
#51,索雷尔神殿,佩佩,男,猎兵,30,30,25,60,45,30,30,45,30,,7,24,7,6,14,11,6,6,9,5,D,E,E,D,E,E,E,E,E,E,E,E,剑术、弓术、步兵,白魔法,猎人的埋伏,在敌方行动阶段中战斗时，若敌人已经受到伤害，有30%几率发动。自己变为先攻。,--,--,"第1部 凯伊篇 第3章
第1部 迪托利希篇 第4章
第1部 赛奥朵拉篇 第5章
蕾达篇不可挖角","2月20日 帝都中层 大斗技场前广场 需满足挖角条件
3月27日 帝都中层 露天市场 需满足挖角条件
3月8日 帝都上层 上参道  需满足挖角条件
不可挖角","凯伊：支援LV1、名声LV9、完成贝特兰的外传
迪托利希：支援LV3、名声LV8、完成贝特兰的外传
赛奥朵拉：支援LV2、名声LV7、完成贝特兰的外传
--",,
#52,索雷尔神殿,札可捏,男,斗士,40,30,20,35,60,30,25,30,15,,7,28,8,3,10,14,6,5,7,4,D,E,D,E,D,E,E,E,E,E,E,E,剑术、斧术,黑魔法、白魔法,斧菜刀,装备斧时，命中 +10。,--,--,"第1部 凯伊篇 第5章
第1部 迪托利希篇 第4章
第1部 赛奥朵拉篇 第5章
第1部 蕾达篇 第4章","3月15日 帝都下层  厩舍前通道 需满足挖角条件
3月27日 帝都中层 露天市场 需满足挖角条件
3月8日 帝都下层 贫民窟  需满足挖角条件
3月21日 帝都下层 贫民窟  需满足挖角条件","凯伊：支援LV3、名声LV8、需交涉（难度 低）| 一直拒绝直至支付10G
迪托利希：支援LV3、名声LV7
赛奥朵拉：支援LV1、名声LV4、需交涉（难度 低）| 一直拒绝直至支付10G
蕾达：支援LV2、名声LV5、需交涉（难度 低）| 一直拒绝直至支付10G",,
#53,索雷尔神殿,班迪兹,男,战车兵,50,35,20,35,50,35,25,30,35,,20,36,15,6,10,17,12,7,10,9,E,D,D,D,E,E,E,E+,E,C,E,E,弓术、指挥、马术,步兵,车上战斗术,【骑兵】若自己是“战车兵”，命中 +20。,--,--,"第1部 凯伊篇 第？章
第1部 迪托利希篇 第5章
第1部 赛奥朵拉篇 第7章
第1部 蕾达篇 第6章","4月
4月11日 帝都中层 市区 需满足挖角条件
5月
5月9日 帝都上层 游乐区  需满足挖角条件","凯伊：支援LV3、名声LV9
迪托利希：支援LV2、名声LV7
赛奥朵拉：支援LV1、名声LV8
蕾达：支援LV3、名声LV7",,
#54,索雷尔神殿,亚历珊德拉,女,—,30,35,35,55,45,35,40,50,50,,,,,,,,,,,,—,—,—,—,—,—,—,—,—,—,—,—,,,白银的乙女,每有1名相邻的同伴，自己的命中、回避+5,--,--,"第1部 凯伊篇 第7章
第1部 迪托利希篇 第7章
第1部 赛奥朵拉篇 第8章
第1部 蕾达篇 第7章","6月
5月
6月
5月","凯伊：支援LV2、名声LV7
迪托利希：支援LV3、名声LV8
赛奥朵拉：支援LV1、名声LV6
蕾达：支援LV3、名声LV10",,
#55,索雷尔神殿,奇洛伊卡,男,猎兵,55,40,15,55,50,30,15,30,25,,11,31,11,4,15,14,8,5,9,5,D,E,E,D+,E,E,E,E,E,E,E,E,弓术,,暴虐,战斗时，若敌人处于异常状态，攻击力+3，必杀+10。,--,--,"第1部 凯伊篇 第？章
第1部 迪托利希篇 第6章
第1部 赛奥朵拉篇 第7章
第1部 蕾达篇 第6章","？
 5月4日 帝都中层 市区 需满足挖角条件
？
5月9日 帝都下层 酒馆 需满足挖角条件","凯伊：支援LV3、名声LV8、需交涉（难度 中）| 给圣水*8
迪托利希：支援LV1、名声LV4、需交涉（难度 中）| 给圣水*3
赛奥朵拉：支援LV3、名声LV10、需交涉（难度 中）| 给圣水*8
蕾达：支援LV1、名声LV4、需交涉（难度 中）| 给圣水*3",,
#56,索雷尔神殿,嘉丝敏,女,士兵,50,40,20,35,40,40,30,40,30,,12,33,12,5,7,11,12,5,10,11,E,D,D+,E,E,E,E,E+,E,E,D,E,枪术、斧术、重装,剑术、飞行,熟练的反击术,若战斗为后攻，命中+20。,--,--,"第1部 凯伊篇 第？章
第1部 迪托利希篇 第？章
第1部 赛奥朵拉篇 第？章
第1部 蕾达篇 第6章","？
？
？
5月9日 帝都上层 下参道 需满足挖角条件","凯伊：支援LV1、名声LV8、需交涉（难度 中）|  支付2000G
迪托利希：支援LV3、名声LV9、需交涉（难度 中）|  支付5000G
赛奥朵拉：支援LV3、名声LV8、需交涉（难度 中）|   支付5000G
蕾达：支援LV2、名声LV4、需交涉（难度 中）| 支付500G",,
#57,索雷尔神殿,易尼奥尼,女,—,40,50,20,35,40,40,30,40,30,,,,,,,,,,,,—,—,—,—,—,—,—,—,—,—,—,—,,,一击贯穿,使用弓系战技攻击时，会发动「一击贯穿」技能，使攻击与必杀属性提升,--,--,"第1部 凯伊篇 第8章
第1部 迪托利希篇 第9章
第1部 赛奥朵拉篇 第9章
第1部 蕾达篇 第？章",,"凯伊：支援LV3、名声LV8、需交涉（难度 中）|  支付6000G
迪托利希：支援LV3、名声LV8、需交涉（难度 中）|  支付6000G
赛奥朵拉：支援LV1、名声LV9、需交涉（难度 中）|   支付4000G
蕾达：支援LV1、名声LV7、需交涉（难度 中）| 支付3000G",,
#58,索雷尔神殿,齐利科,男,—,45,50,15,60,50,35,20,30,35,,,,,,,,,,,,—,—,—,—,—,—,—,—,—,—,—,—,,,,若战斗为后攻，攻速+3，闪避+10。,--,--,第2部 第3章,在第1部中完成支线任务【亡妹的装身具】后，在第2部 第2章中将其击败，下一章自动加入,--,,
#59,索雷尔神殿,内森,男,—,55,60,15,25,60,45,15,25,30,,,,,,,,,,,,—,—,—,—,—,—,—,—,—,—,—,—,,,,若战斗为先攻，攻速+3，命中+10。,--,--,第2部 第3章,在本章战斗中，用角色齐利科将其击败后加入,--,,
#60,欧若拉神殿,盛托利翁,男,重装步兵,45,45,25,40,50,50,30,30,30,,,,,,,,,,,,—,—,—,—,—,—,—,—,—,—,—,—,,,刚玉,受到攻击时，仅在第1次战斗时，使伤害减半,--,--,第3部 第2区分,完成支线任务「来自百人长的救援请求」后，在帝都与他对话即可加入。,完成支线任务「来自百人长的救援请求」后，在帝都与他对话即可加入。,,
,,阿斯旺,女,—,40,35,10,40,50,30,15,30,20,,,,,,,,,,,,—,—,—,E,—,—,—,E,E,—,—,—,弓术、指挥、步兵,,弓姬,装备弓时，命中 +20,大地之天冠,,第3部 5区分,,,,
,,タホウニア,男,—,65,50,5,20,40,45,35,20,40,,,,,,,,,,,,E,—,E,—,E,—,—,E,E,—,—,—,剑术、斧术、格斗术、指挥、步兵,,ピュートンの流儀,使用手甲战技时，以15%的概率发动，无视攻速进行追击,--,,第3部 5区分,,,,
,,库拉普卡,男,卫士,40,40,10,25,45,50,15,25,35,,,,,,,,,,,,—,E,—,—,—,—,E,E,E,—,—,—,枪术、白魔法、指挥、步兵,,银之精神,战斗后，根据防守%几率发动。防守+1（上限为+10）。（持续到战斗地图结束）,--,,第3部 6区分,,,,
